{
    "lamp02-lamp01":
    [
        1.1244483061556527,
        0.020214811271289677,
        39.9989392156668,
        0.07199851056999242,
        1.0588530742318294,
        403.15979303614347,
        0.00010189396429253117,
        0.00003398322398670004,
        1.0
    ],
    "lamp03-lamp02":
    [
        0.955153136287694,
        -0.036003672840083316,
        -10.840022964027122,
        -0.005812908840660401,
        0.9446325649623217,
        323.02301709013216,
        -0.000033868807588141836,
        -0.0000431029868417192,
        1.0
    ],
    "lamp04-lamp03":
    [
        1.0361007301006966,
        0.04714880784580103,
        -22.75570541904776,
        -0.014112217024632175,
        1.017076857572562,
        443.47219904344513,
        0.0000300749019517891,
        0.000019197553315066456,
        1.0
    ],
    "lamp05-lamp04":
    [
        0.9420513256350576,
        -0.016659216462246617,
        -12.773818622776293,
        -0.012746695139420653,
        0.9451791139122251,
        431.1053131834723,
        -0.000034043201157801725,
        -0.0000031774626490640387,
        1.0
    ]
}