{
    "lamp01":
    {
        "param":
        [
            1.0544083698863913,
            0.009409936270887967,
            -9.206826003535452,
            0.12977198065984177,
            0.978618894347627,
            1530.5198968532636,
            0.00005704050660209039,
            0.000002306952126438685,
            1.0
        ],
        "transition":
        [
            0,
            0
        ],
        "flip": 0
    },
    "lamp02":
    {
        "param":
        [
            0.929620572704591,
            -0.007592381020685442,
            -43.20706282593663,
            -0.04721923895193856,
            0.8756164051205195,
            1159.0050596004248,
            -0.000038695057189823476,
            -0.000029205933777327345,
            1.0
        ],
        "transition":
        [
            0,
            0
        ],
        "flip": 0
    },
    "lamp03":
    {
        "param":
        [
            0.9765305427638324,
            0.027244952608583072,
            -41.62516908017544,
            -0.013588604042433642,
            0.9696101375440066,
            851.0960021041158,
            -0.000005155713567544782,
            0.0000143698500365302,
            1.0
        ],
        "transition":
        [
            0,
            0
        ],
        "flip": 0
    },
    "lamp04":
    {
        "param":
        [
            0.9420513256350576,
            -0.016659216462246617,
            -12.773818622776293,
            -0.012746695139420653,
            0.9451791139122251,
            431.1053131834723,
            -0.000034043201157801725,
            -0.0000031774626490640387,
            1.0
        ],
        "transition":
        [
            0,
            0
        ],
        "flip": 0
    },
    "lamp05":
    {
        "param":
        [
            1,
            0,
            0,
            0,
            1,
            0,
            0,
            0,
            1.0
        ],
        "transition":
        [
            0,
            0
        ],
        "flip": 0
    }
}